Group,Product Name,Features,Article Name,Size,Qty/Pallet
Group I Automotive Oils,PM 367 5W-30,"SAE 5W-30 
API SN 
ACEA A5/B5",PM0367-20,20,48
Group I Automotive Oils,PM 367 5W-30,"SAE 5W-30 
API SN 
ACEA A5/B5",PM0367-DR,208,4
Group I Automotive Oils,PM 367 5W-30,"SAE 5W-30 
API SN 
ACEA A5/B5",PM0367-IBC,1000,1
Group I Automotive Oils,PM 360 5W-30,"SAE 5W-30
API SN
ACEA C4",PM0360-1,1,960
Group I Automotive Oils,PM 360 5W-30,"SAE 5W-30
API SN
ACEA C4",PM0360-5,5,200
Group I Automotive Oils,PM 360 5W-30,"SAE 5W-30
API SN
ACEA C4",PM0360-20,20,48
Group I Automotive Oils,PM 360 5W-30,"SAE 5W-30
API SN
ACEA C4",PM0360-DR,208,4
Group I Automotive Oils,PM 360 5W-30,"SAE 5W-30
API SN
ACEA C4",PM0360-IBC,1000,1
Group I Automotive Oils,PM 332 0W-30,"SAE 0W-30
API SN/CH-4
ACEA C2/C3",PM0332-1,1,960
Group I Automotive Oils,PM 332 0W-30,"SAE 0W-30
API SN/CH-4
ACEA C2/C3",PM0332-4,4,240
Group I Automotive Oils,PM 332 0W-30,"SAE 0W-30
API SN/CH-4
ACEA C2/C3",PM0332-5,5,200
Group I Automotive Oils,PM 332 0W-30,"SAE 0W-30
API SN/CH-4
ACEA C2/C3",PM0332-20,20,48
Group I Automotive Oils,PM 332 0W-30,"SAE 0W-30
API SN/CH-4
ACEA C2/C3",PM0332-DR,208,4
Group I Automotive Oils,PM 332 0W-30,"SAE 0W-30
API SN/CH-4
ACEA C2/C3",PM0332-IBC,1000,1
Group I Automotive Oils,PM 345 5W-30,"SAE 5W-30 
API SN/CH-4 
ACEA C2/C3 
VW 505 01",PM0345-1,1,960
Group I Automotive Oils,PM 345 5W-30,"SAE 5W-30 
API SN/CH-4 
ACEA C2/C3 
VW 505 01",PM0345-5,5,200
Group I Automotive Oils,PM 345 5W-30,"SAE 5W-30 
API SN/CH-4 
ACEA C2/C3 
VW 505 01",PM0345-20,20,48
Group I Automotive Oils,PM 345 5W-30,"SAE 5W-30 
API SN/CH-4 
ACEA C2/C3 
VW 505 01",PM0345-DR,208,4
Group I Automotive Oils,PM 345 5W-30,"SAE 5W-30 
API SN/CH-4 
ACEA C2/C3 
VW 505 01",PM0345-IBC,1000,1
Group I Automotive Oils,PM 350 5W-30,"SAE 5W-30
API SN
ACEA C3",PM0350-1,1,960
Group I Automotive Oils,PM 350 5W-30,"SAE 5W-30
API SN
ACEA C3",PM0350-4,4,240
Group I Automotive Oils,PM 350 5W-30,"SAE 5W-30
API SN
ACEA C3",PM0350-5,5,200
Group I Automotive Oils,PM 350 5W-30,"SAE 5W-30
API SN
ACEA C3",PM0350-20,20,48
Group I Automotive Oils,PM 350 5W-30,"SAE 5W-30
API SN
ACEA C3",PM0350-DR,208,4
Group I Automotive Oils,PM 350 5W-30,"SAE 5W-30
API SN
ACEA C3",PM0350-IBC,1000,1
Group I Automotive Oils,PM 328 0W-20,"SAE 0W-20
API SP (RC)
ACEA C5",PM0328-1,1,960
Group I Automotive Oils,PM 328 0W-20,"SAE 0W-20
API SP (RC)
ACEA C5",PM0328-5,5,200
Group I Automotive Oils,PM 328 0W-20,"SAE 0W-20
API SP (RC)
ACEA C5",PM0328-20,20,48
Group I Automotive Oils,PM 328 0W-20,"SAE 0W-20
API SP (RC)
ACEA C5",PM0328-DR,208,4
Group I Automotive Oils,PM 328 0W-20,"SAE 0W-20
API SP (RC)
ACEA C5",PM0328-IBC,1000,1
Group I Automotive Oils,PM 325 5W-20,"SAE 5W-20
API SP (RC)
ILSAC GF-6A",PM0325-1,1,960
Group I Automotive Oils,PM 325 5W-20,"SAE 5W-20
API SP (RC)
ILSAC GF-6A",PM0325-4,4,240
Group I Automotive Oils,PM 325 5W-20,"SAE 5W-20
API SP (RC)
ILSAC GF-6A",PM0325-20,20,48
Group I Automotive Oils,PM 325 5W-20,"SAE 5W-20
API SP (RC)
ILSAC GF-6A",PM0325-DR,208,4
Group I Automotive Oils,PM 325 5W-20,"SAE 5W-20
API SP (RC)
ILSAC GF-6A",PM0325-IBC,1000,1
Group I Automotive Oils,PM 330 5W-30,"SAE 5W-30
API SN/CH-4
ACEA A3/B4",PM0330-1,1,960
Group I Automotive Oils,PM 330 5W-30,"SAE 5W-30
API SN/CH-4
ACEA A3/B4",PM0330-4,4,240
Group I Automotive Oils,PM 330 5W-30,"SAE 5W-30
API SN/CH-4
ACEA A3/B4",PM0330-5,5,200
Group I Automotive Oils,PM 330 5W-30,"SAE 5W-30
API SN/CH-4
ACEA A3/B4",PM0330-20,20,48
Group I Automotive Oils,PM 330 5W-30,"SAE 5W-30
API SN/CH-4
ACEA A3/B4",PM0330-DR,208,4
Group I Automotive Oils,PM 330 5W-30,"SAE 5W-30
API SN/CH-4
ACEA A3/B4",PM0330-IBC,1000,1
Group I Automotive Oils,PM 340 5W-40,"SAE 5W-30
API SN/CH-4
ACEA A3/B4",PM0340-1,1,960
Group I Automotive Oils,PM 340 5W-40,"SAE 5W-30
API SN/CH-4
ACEA A3/B4",PM0340-4,4,240
Group I Automotive Oils,PM 340 5W-40,"SAE 5W-30
API SN/CH-4
ACEA A3/B4",PM0340-5,5,200
Group I Automotive Oils,PM 340 5W-40,"SAE 5W-30
API SN/CH-4
ACEA A3/B4",PM0340-20,20,48
Group I Automotive Oils,PM 340 5W-40,"SAE 5W-30
API SN/CH-4
ACEA A3/B4",PM0340-DR,208,4
Group I Automotive Oils,PM 340 5W-40,"SAE 5W-30
API SN/CH-4
ACEA A3/B4",PM0340-IBC,1000,1
Group I Automotive Oils,PM 343 5W-40,"SAE 5W-30
API SN
ACEA C3",PM0343-20,20,48
Group I Automotive Oils,PM 343 5W-40,"SAE 5W-30
API SN
ACEA C3",PM0343-DR,208,4
Group I Automotive Oils,PM 343 5W-40,"SAE 5W-30
API SN
ACEA C3",PM0343-IBC,1000,1
Group II Automotive Oils,PM 260 10W-40,"SAE 10W-40
API SN/ CH-4
ACEA A3/ B4",PM0260-1,1,960
Group II Automotive Oils,PM 260 10W-40,"SAE 10W-40
API SN/ CH-4
ACEA A3/ B4",PM0260-4,4,240
Group II Automotive Oils,PM 260 10W-40,"SAE 10W-40
API SN/ CH-4
ACEA A3/ B4",PM0260-5,5,200
Group II Automotive Oils,PM 260 10W-40,"SAE 10W-40
API SN/ CH-4
ACEA A3/ B4",PM0260-20,20,48
Group II Automotive Oils,PM 260 10W-40,"SAE 10W-40
API SN/ CH-4
ACEA A3/ B4",PM0260-DR,208,4
Group II Automotive Oils,PM 260 10W-40,"SAE 10W-40
API SN/ CH-4
ACEA A3/ B4",PM0260-IBC,1000,1
Group II Automotive Oils,PM 140 15W-40,"SAE 15W-40
API SN/CH-4
ACEA A3/ B4",PM0140-1,1,960
Group II Automotive Oils,PM 140 15W-40,"SAE 15W-40
API SN/CH-4
ACEA A3/ B4",PM0140-4,4,240
Group II Automotive Oils,PM 140 15W-40,"SAE 15W-40
API SN/CH-4
ACEA A3/ B4",PM0140-5,5,200
Group II Automotive Oils,PM 140 15W-40,"SAE 15W-40
API SN/CH-4
ACEA A3/ B4",PM0140-20,20,48
Group II Automotive Oils,PM 140 15W-40,"SAE 15W-40
API SN/CH-4
ACEA A3/ B4",PM0140-DR,208,4
Group II Automotive Oils,PM 140 15W-40,"SAE 15W-40
API SN/CH-4
ACEA A3/ B4",PM0140-IBC,1000,1
Group II Automotive Oils,PM 230 10W-30,"SAE 10W-30
API SN
ACEA A3/ B4",PM0230-1,1,960
Group II Automotive Oils,PM 230 10W-30,"SAE 10W-30
API SN
ACEA A3/ B4",PM0230-4,4,240
Group II Automotive Oils,PM 230 10W-30,"SAE 10W-30
API SN
ACEA A3/ B4",PM0230-5,5,200
Group II Automotive Oils,PM 230 10W-30,"SAE 10W-30
API SN
ACEA A3/ B4",PM0230-20,20,48
Group II Automotive Oils,PM 230 10W-30,"SAE 10W-30
API SN
ACEA A3/ B4",PM0230-DR,208,4
Group II Automotive Oils,PM 230 10W-30,"SAE 10W-30
API SN
ACEA A3/ B4",PM0230-IBC,1000,1
Group II Automotive Oils,PM 102 20W-50,"SAE 20W-50
API SN/CH-4
ACEA A3/ B4",PM0102-1,1,960
Group II Automotive Oils,PM 102 20W-50,"SAE 20W-50
API SN/CH-4
ACEA A3/ B4",PM0102-4,4,240
Group II Automotive Oils,PM 102 20W-50,"SAE 20W-50
API SN/CH-4
ACEA A3/ B4",PM0102-5,5,200
Group II Automotive Oils,PM 102 20W-50,"SAE 20W-50
API SN/CH-4
ACEA A3/ B4",PM0102-20,20,48
Group II Automotive Oils,PM 102 20W-50,"SAE 20W-50
API SN/CH-4
ACEA A3/ B4",PM0102-DR,208,4
Group II Automotive Oils,PM 102 20W-50,"SAE 20W-50
API SN/CH-4
ACEA A3/ B4",PM0102-IBC,1000,1
Group II Automotive Oils,PM 040 SAE 40,"SAE 40
API CH-4/SJ",PM0040-1,1,960
Group II Automotive Oils,PM 040 SAE 40,"SAE 40
API CH-4/SJ",PM0040-5,5,200
Group II Automotive Oils,PM 040 SAE 40,"SAE 40
API CH-4/SJ",PM0040-20,20,48
Group II Automotive Oils,PM 040 SAE 40,"SAE 40
API CH-4/SJ",PM0040-DR,208,4
Group II Automotive Oils,PM 040 SAE 40,"SAE 40
API CH-4/SJ",PM0040-IBC,1000,1
Group II Automotive Oils,PM 050 SAE 50,"SAE 50
API CH-4",PM0050-5,5,200
Group II Automotive Oils,PM 050 SAE 50,"SAE 50
API CH-4",PM0050-20,20,48
Group II Automotive Oils,PM 050 SAE 50,"SAE 50
API CH-4",PM0050-DR,208,4
Group II Automotive Oils,PM 050 SAE 50,"SAE 50
API CH-4",PM0050-IBC,1000,1
Group II Automotive Oils,PM 060 SAE 60,"SAE 60
API CH-4",PM0060-5,5,200
Group II Automotive Oils,PM 060 SAE 60,"SAE 60
API CH-4",PM0060-20,20,48
Group II Automotive Oils,PM 060 SAE 60,"SAE 60
API CH-4",PM0060-DR,208,4
Group II Automotive Oils,PM 060 SAE 60,"SAE 60
API CH-4",PM0060-IBC,1000,1
Group II Automotive Oils,PEMCO 070,"SAE 70
API CH-4",PM0070-20,20,48
Group II Automotive Oils,PEMCO 070,"SAE 70
API CH-4",PM0070-DR,208,4
Group II Automotive Oils,PEMCO 070,"SAE 70
API CH-4",PM0070-IBC,1000,1
Group II Automotive Oils,PM M.O. SAE 10W,SAE 10W,PM3101-20,20,48
Group II Automotive Oils,PM M.O. SAE 10W,SAE 10W,PM3101-DR,208,4
Group II Automotive Oils,PM M.O. SAE 10W,SAE 10W,PM3101-IBC,1000,1
Group II Automotive Oils,SAE 30,M-10G2K,PM3106-20,20,48
Group II Automotive Oils,SAE 30,M-10G2K,PM3106-DR,208,4
Group II Automotive Oils,SAE 30,M-10G2K,PM3106-IBC,1000,1
Group III Industrial,Hydro ISO 32,"ISO 32
",PM2101-20,20,48
Group III Industrial,Hydro ISO 32,"ISO 32
",PM2101-DR,208,4
Group III Industrial,Hydro ISO 32,"ISO 32
",PM2101-IBC,1000,1
Group III Industrial,Hydro ISO 32,"ISO 32
DIN 51524-1 (HL)
ISO 11158 (HL)",PM2110-20,20,48
Group III Industrial,Hydro ISO 32,"ISO 32
DIN 51524-1 (HL)
ISO 11158 (HL)",PM2110-DR,208,4
Group III Industrial,Hydro ISO 32,"ISO 32
DIN 51524-1 (HL)
ISO 11158 (HL)",PM2110-IBC,1000,1
Group III Industrial,Hydro ISO 32 Longlife,"ISO 32
",PM2131-20,20,48
Group III Industrial,Hydro ISO 32 Longlife,"ISO 32
",PM2131-DR,208,4
Group III Industrial,Hydro ISO 32 Longlife,"ISO 32
",PM2131-IBC,1000,1
Group III Industrial,Hydro HV ISO 32,HV ISO 32,PM2201-20,20,48
Group III Industrial,Hydro HV ISO 32,HV ISO 32,PM2201-DR,208,4
Group III Industrial,Hydro HV ISO 32,HV ISO 32,PM2201-IBC,1000,1
Group III Industrial,Hydro HV ISO 32 Zinc Free,HV ISO 32,PM2208-20,20,48
Group III Industrial,Hydro HV ISO 32 Zinc Free,HV ISO 32,PM2208-DR,208,4
Group III Industrial,Hydro HV ISO 32 Zinc Free,HV ISO 32,PM2208-IBC,1000,1
Group III Industrial,Hydro HV ISO 46 Zinc Free,HV ISO 46,PM2206-20,20,48
Group III Industrial,Hydro HV ISO 46 Zinc Free,HV ISO 46,PM2206-DR,208,4
Group III Industrial,Hydro HV ISO 46 Zinc Free,HV ISO 46,PM2206-IBC,1000,1
Group III Industrial,Hydro ISO 46,"ISO 46
",PM2102-20,20,48
Group III Industrial,Hydro ISO 46,"ISO 46
",PM2102-DR,208,4
Group III Industrial,Hydro ISO 46,"ISO 46
",PM2102-IBC,1000,1
Group III Industrial,Hydro ISO 46,"ISO 11158 (HM)
DIN 51524-1 (HL)",PM2111-20,20,48
Group III Industrial,Hydro ISO 46,"ISO 11158 (HM)
DIN 51524-1 (HL)",PM2111-DR,208,4
Group III Industrial,Hydro ISO 46,"ISO 11158 (HM)
DIN 51524-1 (HL)",PM2111-IBC,1000,1
Group III Industrial,Hydro ISO 46 Longlife,ISO 46 Longlife,PM2132-20,20,48
Group III Industrial,Hydro ISO 46 Longlife,ISO 46 Longlife,PM2132-DR,208,4
Group III Industrial,Hydro ISO 46 Longlife,ISO 46 Longlife,PM2132-IBC,1000,1
Group III Industrial,Hydro HV ISO 46,HV ISO 46,PM2202-20,20,48
Group III Industrial,Hydro HV ISO 46,HV ISO 46,PM2202-DR,208,4
Group III Industrial,Hydro HV ISO 46,HV ISO 46,PM2202-IBC,1000,1
Group III Industrial,Hydro ISO 68,ISO 68,PM2103-20,20,48
Group III Industrial,Hydro ISO 68,ISO 68,PM2103-DR,208,4
Group III Industrial,Hydro ISO 68,ISO 68,PM2103-IBC,1000,1
Group III Industrial,Hydro ISO 68,"ISO 11158 (HM)
DIN 51524-1 (HL)",PM2112-20,20,48
Group III Industrial,Hydro ISO 68,"ISO 11158 (HM)
DIN 51524-1 (HL)",PM2112-DR,208,4
Group III Industrial,Hydro ISO 68,"ISO 11158 (HM)
DIN 51524-1 (HL)",PM2112-IBC,1000,1
Group III Industrial,Hydro ISO 68 Longlife,ISO 68 Longlife,PM2133-20,20,48
Group III Industrial,Hydro ISO 68 Longlife,ISO 68 Longlife,PM2133-DR,208,4
Group III Industrial,Hydro ISO 68 Longlife,ISO 68 Longlife,PM2133-IBC,1000,1
Group III Industrial,Hydro HV ISO 68,HV ISO 68,PM2203-20,20,48
Group III Industrial,Hydro HV ISO 68,HV ISO 68,PM2203-DR,208,4
Group III Industrial,Hydro HV ISO 68,HV ISO 68,PM2203-IBC,1000,1
Group III Industrial,Hydro ISO 100,ISO 100,PM2104-20,20,48
Group III Industrial,Hydro ISO 100,ISO 100,PM2104-DR,208,4
Group III Industrial,Hydro ISO 100,ISO 100,PM2104-IBC,1000,1
Group III Industrial,Hydro ISO 150,"ISO 150
HLP",PM2105-20,20,48
Group III Industrial,Hydro ISO 150,"ISO 150
HLP",PM2105-DR,208,4
Group III Industrial,Hydro ISO 150,"ISO 150
HLP",PM2105-IBC,1000,1
Group III Industrial,Gear Oil ISO 68,PM2804,PM2804-20,20,48
Group III Industrial,Gear Oil ISO 68,PM2804,PM2804-DR,208,4
Group III Industrial,Gear Oil ISO 68,PM2804,PM2804-IBC,1000,1
Group III Industrial,Gear Oil ISO 100,PM2805,PM2805-20,20,48
Group III Industrial,Gear Oil ISO 100,PM2805,PM2805-DR,208,4
Group III Industrial,Gear Oil ISO 100,PM2805,PM2805-IBC,1000,1
Group III Industrial,Gear Oil ISO 150,PM2802,PM2802-20,20,48
Group III Industrial,Gear Oil ISO 150,PM2802,PM2802-DR,208,4
Group III Industrial,Gear Oil ISO 150,PM2802,PM2802-IBC,1000,1
Group III Industrial,Gear Oil ISO 220,PM2801,PM2801-20,20,48
Group III Industrial,Gear Oil ISO 220,PM2801,PM2801-DR,208,4
Group III Industrial,Gear Oil ISO 220,PM2801,PM2801-IBC,1000,1
Group III Industrial,Gear Oil ISO 320,PM2806,PM2806-20,20,48
Group III Industrial,Gear Oil ISO 320,PM2806,PM2806-DR,208,4
Group III Industrial,Gear Oil ISO 320,PM2806,PM2806-IBC,1000,1
Group III Industrial,Gear Oil ISO 460,PM2807,PM2807-20,20,48
Group III Industrial,Gear Oil ISO 460,PM2807,PM2807-DR,208,4
Group III Industrial,Gear Oil ISO 460,PM2807,PM2807-IBC,1000,1
Group III Industrial,Gear Oil ISO 680,PM2808,PM2808-20,20,48
Group III Industrial,Gear Oil ISO 680,PM2808,PM2808-DR,208,4
Group III Industrial,Gear Oil ISO 680,PM2808,PM2808-IBC,1000,1
Group III Industrial,Multifarm STOU 10W-30,SAE 10W-30,PM2501-20,20,48
Group III Industrial,Multifarm STOU 10W-30,SAE 10W-30,PM2501-DR,208,4
Group III Industrial,Multifarm STOU 10W-30,SAE 10W-30,PM2501-IBC,1000,1
Group III Industrial,Multifarm STOU 10W-40,SAE 10W-40,PM2502-20,20,48
Group III Industrial,Multifarm STOU 10W-40,SAE 10W-40,PM2502-DR,208,4
Group III Industrial,Multifarm STOU 10W-40,SAE 10W-40,PM2502-IBC,1000,1
Group III Industrial,TO-4 Powertrain Oil,SAE 10W,PM2601-20,20,48
Group III Industrial,TO-4 Powertrain Oil,SAE 10W,PM2601-DR,208,4
Group III Industrial,TO-4 Powertrain Oil,SAE 10W,PM2601-IBC,1000,1
Group III Industrial,TO-4 Powertrain Oil,SAE 30,PM2602-20,20,48
Group III Industrial,TO-4 Powertrain Oil,SAE 30,PM2602-DR,208,4
Group III Industrial,TO-4 Powertrain Oil,SAE 30,PM2602-IBC,1000,1
Group III Industrial,PM Multi UTTO WB 101,API GL-4,PM2701-20,20,48
Group III Industrial,PM Multi UTTO WB 101,API GL-4,PM2701-DR,208,4
Group III Industrial,PM Multi UTTO WB 101,API GL-4,PM2701-IBC,1000,1
Group III Industrial,TO-4 Powertrain Oil,SAE 50,PM2603-20,20,48
Group III Industrial,TO-4 Powertrain Oil,SAE 50,PM2603-DR,208,4
Group III Industrial,TO-4 Powertrain Oil,SAE 50,PM2603-IBC,1000,1
Group III Industrial,SGEO SAE 40,TBN 4.9,PM3113-DR,208,4
Group III Industrial,SGEO SAE 40,TBN 4.9,PM3113-IBC,1000,1
Group III Industrial,SGEO SAE 40,TBN 5.7,PM3110-DR,208,4
Group III Industrial,SGEO SAE 40,TBN 5.7,PM3110-IBC,1000,1
Group III Industrial,SGEO SAE 40,TBN 6.0,PM3111-DR,208,4
Group III Industrial,SGEO SAE 40,TBN 6.0,PM3111-IBC,1000,1
Group III Industrial,SGEO SAE 40,TBN 6.5,PM3112-DR,208,4
Group III Industrial,SGEO SAE 40,TBN 6.5,PM3112-IBC,1000,1
Group III Industrial,Compressor Oil,"ISO 46
VDL",PM2901-20,20,48
Group III Industrial,Compressor Oil,"ISO 46
VDL",PM2901-DR,208,4
Group III Industrial,Compressor Oil,"ISO 46
VDL",PM2901-IBC,1000,1
Group III Industrial,Compressor Oil,"ISO 68
VDL",PM2905-20,20,48
Group III Industrial,Compressor Oil,"ISO 68
VDL",PM2905-DR,208,4
Group III Industrial,Compressor Oil,"ISO 68
VDL",PM2905-IBC,1000,1
Group III Industrial,Compressor Oil,"ISO 100
VDL",PM2902-20,20,48
Group III Industrial,Compressor Oil,"ISO 100
VDL",PM2902-DR,208,4
Group III Industrial,Compressor Oil,"ISO 100
VDL",PM2902-IBC,1000,1
Group III Industrial,Compressor Oil,"ISO 150
VDL",PM2903-20,20,48
Group III Industrial,Compressor Oil,"ISO 150
VDL",PM2903-DR,208,4
Group III Industrial,Compressor Oil,"ISO 150
VDL",PM2903-IBC,1000,1
Group III Industrial,Compressor Oil,"ISO 220
VDL",PM2904-20,20,48
Group III Industrial,Compressor Oil,"ISO 220
VDL",PM2904-DR,208,4
Group III Industrial,Compressor Oil,"ISO 220
VDL",PM2904-IBC,1000,1
Group III Industrial,Turbine 32,"ISO 32
DIN 51515-1,2",PM2301-20,20,48
Group III Industrial,Turbine 32,"ISO 32
DIN 51515-1,2",PM2301-DR,208,4
Group III Industrial,Turbine 32,"ISO 32
DIN 51515-1,2",PM2301-IBC,1000,1
Group III Industrial,Turbine 46,"ISO 46
DIN 51515-1,2",PM2302-20,20,48
Group III Industrial,Turbine 46,"ISO 46
DIN 51515-1,2",PM2302-DR,208,4
Group III Industrial,Turbine 46,"ISO 46
DIN 51515-1,2",PM2302-IBC,1000,1
Group III Industrial,Turbine 68,"ISO 68
DIN 51515-1,2",PM2303-20,20,48
Group III Industrial,Turbine 68,"ISO 68
DIN 51515-1,2",PM2303-DR,208,4
Group III Industrial,Turbine 68,"ISO 68
DIN 51515-1,2",PM2303-IBC,1000,1
Group III Industrial,KETTENOEL,"Chainsaw Oil
ISO 100",PM1101-1,1,960
Group III Industrial,KETTENOEL,"Chainsaw Oil
ISO 100",PM1101-4,5,200
Group III Industrial,KETTENOEL,"Chainsaw Oil
ISO 100",PM1101-20,20,48
Group III Industrial,KETTENOEL,"Chainsaw Oil
ISO 100",PM1101-DR,208,4
Group III Industrial,KETTENOEL,"Chainsaw Oil
ISO 100",PM1101-IBC,1000,1
Group III Industrial,Slideway ULTRA 32,ISO VG 32,PM2114-20,20,48
Group III Industrial,Slideway ULTRA 32,ISO VG 32,PM2114-DR,208,4
Group III Industrial,Slideway ULTRA 32,ISO VG 32,PM2114-BC,1000,1
Group III Industrial,Slideway ULTRA 68,ISO VG 32,PM2106-20,20,48
Group III Industrial,Slideway ULTRA 68,ISO VG 32,PM2106-DR,208,4
Group III Industrial,Slideway ULTRA 68,ISO VG 32,PM2106-BC,1000,1
Group III Industrial,Slideway ULTRA 220,ISO VG 32,PM2115-20,20,48
Group III Industrial,Slideway ULTRA 220,ISO VG 32,PM2115-DR,208,4
Group III Industrial,Slideway ULTRA 220,ISO VG 32,PM2115-BC,1000,1
Group IV Heavy Duty UHPD,PM Diesel G-5 UHPD 10W-40,"SAE 10W-40
API CI-4/CH-4/SL, CI-4 Plus	
ACEA E7, A3/B4",PM0705-5,5,200
Group IV Heavy Duty UHPD,PM Diesel G-5 UHPD 10W-40,"SAE 10W-40
API CI-4/CH-4/SL, CI-4 Plus	
ACEA E7, A3/B4",PM0705-20,20,48
Group IV Heavy Duty UHPD,PM Diesel G-5 UHPD 10W-40,"SAE 10W-40
API CI-4/CH-4/SL, CI-4 Plus	
ACEA E7, A3/B4",PM0705-DR,208,4
Group IV Heavy Duty UHPD,PM Diesel G-5 UHPD 10W-40,"SAE 10W-40
API CI-4/CH-4/SL, CI-4 Plus	
ACEA E7, A3/B4",PM0705-IBC,1000,1
Group IV Heavy Duty UHPD,PM Diesel G-6 UHPD 10W-40,"SAE 10W-40
API CI-4
ACEA E7, E4",PM0706-5,5,200
Group IV Heavy Duty UHPD,PM Diesel G-6 UHPD 10W-40,"SAE 10W-40
API CI-4
ACEA E7, E4",PM0706-20,20,48
Group IV Heavy Duty UHPD,PM Diesel G-6 UHPD 10W-40,"SAE 10W-40
API CI-4
ACEA E7, E4",PM0706-DR,208,4
Group IV Heavy Duty UHPD,PM Diesel G-6 UHPD 10W-40,"SAE 10W-40
API CI-4
ACEA E7, E4",PM0706-IBC,1000,1
Group IV Heavy Duty UHPD,PM Diesel G-7 UHPD 10W-40,"SAE 10W-40
API CK-4/CJ-4
ACEA E8, E11",PM0707-5,5,200
Group IV Heavy Duty UHPD,PM Diesel G-7 UHPD 10W-40,"SAE 10W-40
API CK-4/CJ-4
ACEA E8, E11",PM0707-20,20,48
Group IV Heavy Duty UHPD,PM Diesel G-7 UHPD 10W-40,"SAE 10W-40
API CK-4/CJ-4
ACEA E8, E11",PM0707-DR,208,4
Group IV Heavy Duty UHPD,PM Diesel G-7 UHPD 10W-40,"SAE 10W-40
API CK-4/CJ-4
ACEA E8, E11",PM0707-IBC,1000,1
Group IV Heavy Duty UHPD,PM Diesel G-8 UHPD 5W-30,"SAE 5W-30
API CI-4
ACEA E7, E4	",PM0708-5,5,200
Group IV Heavy Duty UHPD,PM Diesel G-8 UHPD 5W-30,"SAE 5W-30
API CI-4
ACEA E7, E4	",PM0708-20,20,48
Group IV Heavy Duty UHPD,PM Diesel G-8 UHPD 5W-30,"SAE 5W-30
API CI-4
ACEA E7, E4	",PM0708-DR,208,4
Group IV Heavy Duty UHPD,PM Diesel G-8 UHPD 5W-30,"SAE 5W-30
API CI-4
ACEA E7, E4	",PM0708-IBC,1000,1
Group IV Heavy Duty UHPD,PM Diesel G-9 UHPD 10W-40,"SAE 10W-40
API CJ-4
ACEA E6/E7/E9",PM0709-20,20,48
Group IV Heavy Duty UHPD,PM Diesel G-9 UHPD 10W-40,"SAE 10W-40
API CJ-4
ACEA E6/E7/E9",PM0709-DR,208,4
Group IV Heavy Duty UHPD,PM Diesel G-9 UHPD 10W-40,"SAE 10W-40
API CJ-4
ACEA E6/E7/E9",PM0709-IBC,1000,1
Group IV Heavy Duty UHPD,PM Diesel G-10 UHPD 5W-40,"SAE 5W-40
API CI-4/SL
ACEA E7",PM0710-5,5,200
Group IV Heavy Duty UHPD,PM Diesel G-10 UHPD 5W-40,"SAE 5W-40
API CI-4/SL
ACEA E7",PM0710-20,20,48
Group IV Heavy Duty UHPD,PM Diesel G-10 UHPD 5W-40,"SAE 5W-40
API CI-4/SL
ACEA E7",PM0710-DR,208,4
Group IV Heavy Duty UHPD,PM Diesel G-10 UHPD 5W-40,"SAE 5W-40
API CI-4/SL
ACEA E7",PM0710-IBC,1000,1
Group IV Heavy Duty UHPD,PM Diesel G-11 CNG 15W-40,"SAE 15W-40
Cummins 20074",PM0711-5,5,200
Group IV Heavy Duty UHPD,PM Diesel G-11 CNG 15W-40,"SAE 15W-40
Cummins 20074",PM0711-20,20,48
Group IV Heavy Duty UHPD,PM Diesel G-11 CNG 15W-40,"SAE 15W-40
Cummins 20074",PM0711-DR,208,4
Group IV Heavy Duty UHPD,PM Diesel G-11 CNG 15W-40,"SAE 15W-40
Cummins 20074",PM0711-IBC,1000,1
Group IV Heavy Duty UHPD,PM Diesel G-14 UHPD 15W-40,"SAE 15W-40
API CK-4
ACEA E9",PM0714-5,5,200
Group IV Heavy Duty UHPD,PM Diesel G-14 UHPD 15W-40,"SAE 15W-40
API CK-4
ACEA E9",PM0714-20,20,48
Group IV Heavy Duty UHPD,PM Diesel G-14 UHPD 15W-40,"SAE 15W-40
API CK-4
ACEA E9",PM0714-DR,208,4
Group IV Heavy Duty UHPD,PM Diesel G-14 UHPD 15W-40,"SAE 15W-40
API CK-4
ACEA E9",PM0714-IBC,1000,1
Group IV Heavy Duty UHPD,PM Diesel G-16 UHPD 5W-40 Blue,"SAE 5W-40
API CK-4
ACEA E8/E11",MN7116-5,5,200
Group IV Heavy Duty UHPD,PM Diesel G-16 UHPD 5W-40 Blue,"SAE 5W-40
API CK-4
ACEA E8/E11",MN7116-20,20,48
Group IV Heavy Duty UHPD,PM Diesel G-16 UHPD 5W-40 Blue,"SAE 5W-40
API CK-4
ACEA E8/E11",MN7116-DR,208,4
Group IV Heavy Duty UHPD,PM Diesel G-16 UHPD 5W-40 Blue,"SAE 5W-40
API CK-4
ACEA E8/E11",MN7116-IBC,1000,1
Group IV Heavy Duty UHPD,PM Diesel G-17 UHPD 5W-30,"SAE 5W-30
API CK-4
ACEA E8, E11",PM0717-5,5,200
Group IV Heavy Duty UHPD,PM Diesel G-17 UHPD 5W-30,"SAE 5W-30
API CK-4
ACEA E8, E11",PM0717-20,20,48
Group IV Heavy Duty UHPD,PM Diesel G-17 UHPD 5W-30,"SAE 5W-30
API CK-4
ACEA E8, E11",PM0717-DR,208,4
Group IV Heavy Duty UHPD,PM Diesel G-17 UHPD 5W-30,"SAE 5W-30
API CK-4
ACEA E8, E11",PM0717-IBC,1000,1
Group V Heavy Duty SHPD,PM DIESEL M-50 SHPD 20W-50,"SAE 20W-50
API CH-4/ SL
ACEA E7, A3/B4",PM0702-5,5,200
Group V Heavy Duty SHPD,PM DIESEL M-50 SHPD 20W-50,"SAE 20W-50
API CH-4/ SL
ACEA E7, A3/B4",PM0702-20,20,48
Group V Heavy Duty SHPD,PM DIESEL M-50 SHPD 20W-50,"SAE 20W-50
API CH-4/ SL
ACEA E7, A3/B4",PM0702-DR,208,4
Group V Heavy Duty SHPD,PM DIESEL M-50 SHPD 20W-50,"SAE 20W-50
API CH-4/ SL
ACEA E7, A3/B4",PM0702-IBC,1000,1
Group V Heavy Duty SHPD,PM Diesel G-4 SHPD 15W-40,"SAE 15W-40
API CI-4/CH-4/SL, CI-4 Plus        
ACEA E7, A3/B4",PM0704-5,5,200
Group V Heavy Duty SHPD,PM Diesel G-4 SHPD 15W-40,"SAE 15W-40
API CI-4/CH-4/SL, CI-4 Plus        
ACEA E7, A3/B4",PM0704-20,20,48
Group V Heavy Duty SHPD,PM Diesel G-4 SHPD 15W-40,"SAE 15W-40
API CI-4/CH-4/SL, CI-4 Plus        
ACEA E7, A3/B4",PM0704-DR,208,4
Group V Heavy Duty SHPD,PM Diesel G-4 SHPD 15W-40,"SAE 15W-40
API CI-4/CH-4/SL, CI-4 Plus        
ACEA E7, A3/B4",PM0704-IBC,1000,1
Group V Heavy Duty SHPD,PM Diesel G-12 SHPD 10W-30,"SAE 10W-30
API CI-4/CH-4/SL
ACEA E7, A3/B4",PM0712-5,5,200
Group V Heavy Duty SHPD,PM Diesel G-12 SHPD 10W-30,"SAE 10W-30
API CI-4/CH-4/SL
ACEA E7, A3/B4",PM0712-20,20,48
Group V Heavy Duty SHPD,PM Diesel G-12 SHPD 10W-30,"SAE 10W-30
API CI-4/CH-4/SL
ACEA E7, A3/B4",PM0712-DR,208,4
Group V Heavy Duty SHPD,PM Diesel G-12 SHPD 10W-30,"SAE 10W-30
API CI-4/CH-4/SL
ACEA E7, A3/B4",PM0712-IBC,1000,1
Group V Heavy Duty SHPD,PM Diesel G-15 SHPD 20W-50,"SAE 20W-50
API CI-4/CH-4/SL, CI-4 Plus
ACEA E7, A3/B4",PM0715-5,5,200
Group V Heavy Duty SHPD,PM Diesel G-15 SHPD 20W-50,"SAE 20W-50
API CI-4/CH-4/SL, CI-4 Plus
ACEA E7, A3/B4",PM0715-20,20,48
Group V Heavy Duty SHPD,PM Diesel G-15 SHPD 20W-50,"SAE 20W-50
API CI-4/CH-4/SL, CI-4 Plus
ACEA E7, A3/B4",PM0715-DR,208,4
Group V Heavy Duty SHPD,PM Diesel G-15 SHPD 20W-50,"SAE 20W-50
API CI-4/CH-4/SL, CI-4 Plus
ACEA E7, A3/B4",PM0715-IBC,1000,1
Group V Heavy Duty SHPD,PM Diesel G-18 15W-40,"SAE 15W-40
API CK-4
ACEA E8, E11",PM0718-5,5,200
Group V Heavy Duty SHPD,PM Diesel G-18 15W-40,"SAE 15W-40
API CK-4
ACEA E8, E11",PM0718-20,20,48
Group V Heavy Duty SHPD,PM Diesel G-18 15W-40,"SAE 15W-40
API CK-4
ACEA E8, E11",PM0718-DR,208,4
Group V Heavy Duty SHPD,PM Diesel G-18 15W-40,"SAE 15W-40
API CK-4
ACEA E8, E11",PM0718-IBC,1000,1
Group V Heavy Duty SHPD,PM Diesel G-20 SHPD 10W-30,"SAE 10W-30
API CK-4/CJ-4
ACEA E11/E8",PM0720-5,5,200
Group V Heavy Duty SHPD,PM Diesel G-20 SHPD 10W-30,"SAE 10W-30
API CK-4/CJ-4
ACEA E11/E8",PM0720-20,20,48
Group V Heavy Duty SHPD,PM Diesel G-20 SHPD 10W-30,"SAE 10W-30
API CK-4/CJ-4
ACEA E11/E8",PM0720-DR,208,4
Group V Heavy Duty SHPD,PM Diesel G-20 SHPD 10W-30,"SAE 10W-30
API CK-4/CJ-4
ACEA E11/E8",PM0720-IBC,1000,1
Group V Heavy Duty SHPD,PM Diesel G-21 SHPD,"SAE 10W-30
API CK-4/SN, CJ-4/CI-4 Plus
ACEA E8, E11",PM0721-5,5,200
Group V Heavy Duty SHPD,PM Diesel G-21 SHPD,"SAE 10W-30
API CK-4/SN, CJ-4/CI-4 Plus
ACEA E8, E11",PM0721-20,20,48
Group V Heavy Duty SHPD,PM Diesel G-21 SHPD,"SAE 10W-30
API CK-4/SN, CJ-4/CI-4 Plus
ACEA E8, E11",PM0721-DR,208,4
Group V Heavy Duty SHPD,PM Diesel G-21 SHPD,"SAE 10W-30
API CK-4/SN, CJ-4/CI-4 Plus
ACEA E8, E11",PM0721-IBC,1000,1
Group V Heavy Duty SHPD,PM Diesel G-23 SHPD 5W-30,"SAE 5W-30
Volvo VDS-5
MB 228.61",PM0723-20,20,48
Group V Heavy Duty SHPD,PM Diesel G-23 SHPD 5W-30,"SAE 5W-30
Volvo VDS-5
MB 228.61",PM0723-DR,208,4
Group V Heavy Duty SHPD,PM Diesel G-23 SHPD 5W-30,"SAE 5W-30
Volvo VDS-5
MB 228.61",PM0723-IBC,1000,1
Group V Heavy Duty SHPD,PM Diesel G-24 SHPD 5W-20,"SAE 5W-20
MAN M3977
Scania LDF-5",PM0724-20,20,48
Group V Heavy Duty SHPD,PM Diesel G-24 SHPD 5W-20,"SAE 5W-20
MAN M3977
Scania LDF-5",PM0724-DR,208,4
Group V Heavy Duty SHPD,PM Diesel G-24 SHPD 5W-20,"SAE 5W-20
MAN M3977
Scania LDF-5",PM0724-IBC,1000,1
Group V Heavy Duty SHPD,PM Diesel G-25 FA-4 5W-30,"SAE 5W-30
Volvo VDS-5
",PM0725-5,5,200
Group V Heavy Duty SHPD,PM Diesel G-25 FA-4 5W-30,"SAE 5W-30
Volvo VDS-5
",PM0725-20,20,48
Group V Heavy Duty SHPD,PM Diesel G-25 FA-4 5W-30,"SAE 5W-30
Volvo VDS-5
",PM0725-DR,208,4
Group V Heavy Duty SHPD,PM Diesel G-25 FA-4 5W-30,"SAE 5W-30
Volvo VDS-5
",PM0725-IBC,1000,1
Operating & Service Fluids,AdBlue® AD3001,"DIN 70070
ISO 22241-1
ISO 22241-2
ISO 22241-3",AD3001-20,20,48
Operating & Service Fluids,AdBlue® AD3001,"DIN 70070
ISO 22241-1
ISO 22241-2
ISO 22241-3",AD3001-IBC,1000,1
Group VI Marine Oils,MARINE TPEO BN40,SAE 40,PM2413-DR,208,4
Group VI Marine Oils,MARINE TPEO BN40,SAE 40,PM2413-IBC,1000,1
Group VI Marine Oils,MARINE TPEO BN50,SAE 40,PM2415-DR,208,4
Group VI Marine Oils,MARINE TPEO BN50,SAE 40,PM2415-IBC,1000,1
Group VI Marine Oils,MARINE TPEO BN55,SAE 40,PM2414-DR,208,4
Group VI Marine Oils,MARINE TPEO BN55,SAE 40,PM2414-IBC,1000,1
Group VI Marine Oils,MARINE 1230,"SAE 30
TPEO BN12",PM2404-DR,208,4
Group VI Marine Oils,MARINE 1230,"SAE 30
TPEO BN12",PM2404-IBC,1000,1
Group VI Marine Oils,MARINE 1240,"SAE 40
TPEO BN12",PM2405-DR,208,4
Group VI Marine Oils,MARINE 1240,"SAE 40
TPEO BN12",PM2405-IBC,1000,1
Group VI Marine Oils,MARINE 3040,"SAE 40
TPEO BN30",PM2406-DR,208,4
Group VI Marine Oils,MARINE 3040,"SAE 40
TPEO BN30",PM2406-IBC,1000,1
Group VI Marine Oils,MARINE MCL BN40,SAE 50,PM2408-DR,208,4
Group VI Marine Oils,MARINE MCL BN40,SAE 50,PM2408-IBC,1000,1
Group VI Marine Oils,MARINE MCL BN50,SAE 50,PM2409-DR,208,4
Group VI Marine Oils,MARINE MCL BN50,SAE 50,PM2409-IBC,1000,1
Group VI Marine Oils,MARINE MCL BN70,SAE 50,PM2410-DR,208,4
Group VI Marine Oils,MARINE MCL BN70,SAE 50,PM2410-IBC,1000,1
Group VI Marine Oils,MARINE MCL BN100,SAE 50,PM2411-DR,208,4
Group VI Marine Oils,MARINE MCL BN100,SAE 50,PM2411-IBC,1000,1
Group VI Marine Oils,MARINE MCL BN140,SAE 60,PM2412-DR,208,4
Group VI Marine Oils,MARINE MCL BN140,SAE 60,PM2412-IBC,1000,1
Group VI Marine Oils,2-TAKT OUTBORD MARINE,"API TC
JASO FC
NMMA TC-W3",PM0670-20,20,48
Group VI Marine Oils,2-TAKT OUTBORD MARINE,"API TC
JASO FC
NMMA TC-W3",PM0670-DR,208,4
Group VI Marine Oils,2-TAKT OUTBORD MARINE,"API TC
JASO FC
NMMA TC-W3",PM0670-IBC,1000,1
Group VII Motorcycle oils,PEMCO 2T,"API TC
JASO FB
ISO L-EGB",PM0620-1,1,960
Group VII Motorcycle oils,PEMCO 2T,"API TC
JASO FB
ISO L-EGB",PM0620-20,20,48
Group VII Motorcycle oils,PEMCO 2T,"API TC
JASO FB
ISO L-EGB",PM0620-DR,208,4
Group VII Motorcycle oils,PEMCO 2T,"API TC
JASO FB
ISO L-EGB",PM0620-IBC,1000,1
Group VII Motorcycle oils,PEMOC 640 10W-40 ,"SAE 10W-40
API SL
JASO MA/MA2",PM0640-1,1,960
Group VII Motorcycle oils,PEMOC 640 10W-40 ,"SAE 10W-40
API SL
JASO MA/MA2",PM0640-20,20,48
Group VII Motorcycle oils,PEMOC 640 10W-40 ,"SAE 10W-40
API SL
JASO MA/MA2",PM0640-DR,58,18
Group VII Motorcycle oils,PEMOC 640 10W-40 ,"SAE 10W-40
API SL
JASO MA/MA2",PM0640-IBC,1000,1
Group VIII ATF ,PM 460 CVT-Fluid,CVT,PM0460-1,1,960
Group VIII ATF ,PM 460 CVT-Fluid,CVT,PM0460-20,20,48
Group VIII ATF ,PM 460 CVT-Fluid,CVT,PM0460-DR,208,4
Group VIII ATF ,PM 460 CVT-Fluid,CVT,PM0460-IBC,1000,1
Group VIII ATF ,PEMCO 410,ATF-A PSF,PM0410-1,1,960
Group VIII ATF ,PEMCO 410,ATF-A PSF,PM0410-20,20,48
Group VIII ATF ,PEMCO 410,ATF-A PSF,PM0410-DR,208,4
Group VIII ATF ,PEMCO 410,ATF-A PSF,PM0410-IBC,1000,1
Group VIII ATF ,PEMCO 420,ATF D II,PM0420-1,1,960
Group VIII ATF ,PEMCO 420,ATF D II,PM0420-20,20,48
Group VIII ATF ,PEMCO 420,ATF D II,PM0420-DR,208,4
Group VIII ATF ,PEMCO 420,ATF D II,PM0420-IBC,1000,1
Group VIII ATF ,PEMCO 430,ATF D III,PM0430-1,1,960
Group VIII ATF ,PEMCO 430,ATF D III,PM0430-20,20,48
Group VIII ATF ,PEMCO 430,ATF D III,PM0430-DR,208,4
Group VIII ATF ,PEMCO 430,ATF D III,PM0430-IBC,1000,1
Group VIII ATF ,PEMCO 450 ,"JWS 3309
JASO M315 Type 1A",PM0450-1,1,960
Group VIII ATF ,PEMCO 450 ,"JWS 3309
JASO M315 Type 1A",PM0450-4,4,240
Group VIII ATF ,PEMCO 450 ,"JWS 3309
JASO M315 Type 1A",PM0450-20,20,48
Group VIII ATF ,PEMCO 450 ,"JWS 3309
JASO M315 Type 1A",PM0450-DR,208,4
Group VIII ATF ,PEMCO 450 ,"JWS 3309
JASO M315 Type 1A",PM0450-IBC,1000,1
Group VIII ATF ,ATF AG52,"JASO M315 Type 1A
VOLKSWAGEN G 052 162",PM0452-1,1,960
Group VIII ATF ,ATF AG52,"JASO M315 Type 1A
VOLKSWAGEN G 052 162",PM0452-20,20,48
Group VIII ATF ,ATF AG52,"JASO M315 Type 1A
VOLKSWAGEN G 052 162",PM0452-DR,208,4
Group VIII ATF ,ATF AG52,"JASO M315 Type 1A
VOLKSWAGEN G 052 162",PM0452-IBC,1000,1
Group VIII ATF ,"PM 453 DCT-Fluid
",,PM0453-1,1,960
Group VIII ATF ,"PM 453 DCT-Fluid
",,PM0453-20,20,48
Group VIII ATF ,"PM 453 DCT-Fluid
",,PM0453-DR,208,4
Group VIII ATF ,"PM 453 DCT-Fluid
",,PM0453-IBC,1000,1
Group VIII ATF ,PEMCO 455 ,"Premium Quality ATF
Dexron VI",PM0455-1,1,960
Group VIII ATF ,PEMCO 455 ,"Premium Quality ATF
Dexron VI",PM0455-20,20,48
Group VIII ATF ,PEMCO 455 ,"Premium Quality ATF
Dexron VI",PM0455-DR,208,4
Group VIII ATF ,PEMCO 455 ,"Premium Quality ATF
Dexron VI",PM0455-IBC,1000,1
Group VIII ATF ,PEMCO 465 ,ATF Dexron VI,PM0465-1,1,960
Group VIII ATF ,PEMCO 465 ,ATF Dexron VI,PM0465-20,20,48
Group VIII ATF ,PEMCO 465 ,ATF Dexron VI,PM0465-DR,208,4
Group VIII ATF ,PEMCO 465 ,ATF Dexron VI,PM0465-IBC,1000,1
Group IX Gear Oils ,PM 501 75W-80,API GL-4,PM0501-20,20,48
Group IX Gear Oils ,PM 501 75W-80,API GL-4,PM0501-DR,208,4
Group IX Gear Oils ,PM 501 75W-80,API GL-4,PM0501-IBC,1000,1
Group IX Gear Oils ,PM 575 SAE 75W-140,"API GL-5 LS

",PM0575-20,20,48
Group IX Gear Oils ,PM 575 SAE 75W-140,"API GL-5 LS

",PM0575-DR,208,4
Group IX Gear Oils ,PM 575 SAE 75W-140,"API GL-5 LS

",PM0575-IBC,1000,1
Group IX Gear Oils ,PM 580 SAE 75W-80,API GL-4/GL-5 LS,PM0580-20,20,48
Group IX Gear Oils ,PM 580 SAE 75W-80,API GL-4/GL-5 LS,PM0580-DR,208,4
Group IX Gear Oils ,PM 580 SAE 75W-80,API GL-4/GL-5 LS,PM0580-IBC,1000,1
Group IX Gear Oils ,PM 540 SAE 85W-140,"API GL-5 LS 
PM Hypoid LSD
",PM0540-20,20,48
Group IX Gear Oils ,PM 540 SAE 85W-140,"API GL-5 LS 
PM Hypoid LSD
",PM0540-DR,208,4
Group IX Gear Oils ,PM 540 SAE 85W-140,"API GL-5 LS 
PM Hypoid LSD
",PM0540-IBC,1000,1
Group IX Gear Oils ,PM 519 SAE 90,API GL-4/GL-5,PM0519-20,20,48
Group IX Gear Oils ,PM 519 SAE 90,API GL-4/GL-5,PM0519-DR,208,4
Group IX Gear Oils ,PM 519 SAE 90,API GL-4/GL-5,PM0519-IBC,1000,1
Group IX Gear Oils ,PM 515 SAE 140,API GL-4/GL-5,PM0515-20,20,48
Group IX Gear Oils ,PM 515 SAE 140,API GL-4/GL-5,PM0515-DR,208,4
Group IX Gear Oils ,PM 515 SAE 140,API GL-4/GL-5,PM0515-IBC,1000,1
Group IX Gear Oils ,PM 548 SAE 80W-90,"API GL-4
PM Universal",PM0548-1,1,960
Group IX Gear Oils ,PM 548 SAE 80W-90,"API GL-4
PM Universal",PM0548-20,20,48
Group IX Gear Oils ,PM 548 SAE 80W-90,"API GL-4
PM Universal",PM0548-DR,208,4
Group IX Gear Oils ,PM 548 SAE 80W-90,"API GL-4
PM Universal",PM0548-IBC,1000,1
Group IX Gear Oils ,PM 589 SAE 80W-90,"API GL-5 LS
PM Hypiod",PM0589-1,1,960
Group IX Gear Oils ,PM 589 SAE 80W-90,"API GL-5 LS
PM Hypiod",PM0589-20,20,48
Group IX Gear Oils ,PM 589 SAE 80W-90,"API GL-5 LS
PM Hypiod",PM0589-DR,208,4
Group IX Gear Oils ,PM 589 SAE 80W-90,"API GL-5 LS
PM Hypiod",PM0589-IBC,1000,1
Group IX Gear Oils ,PM 595 75W-90,API GL-4/GL-5 LS,PM0595-1,1,960
Group IX Gear Oils ,PM 595 75W-90,API GL-4/GL-5 LS,PM0595-20,20,48
Group IX Gear Oils ,PM 595 75W-90,API GL-4/GL-5 LS,PM0595-DR,208,4
Group IX Gear Oils ,PM 595 75W-90,API GL-4/GL-5 LS,PM0595-IBC,1000,1
Group IX Gear Oils ,MTF-4 SAE 75W-80,"API GL-4
VW G 052 178 
PSA B71 2330",PM0578-1,1,960
Group IX Gear Oils ,MTF-4 SAE 75W-80,"API GL-4
VW G 052 178 
PSA B71 2330",PM0578-4,4,240
Group IX Gear Oils ,MTF-4 SAE 75W-80,"API GL-4
VW G 052 178 
PSA B71 2330",PM0578-5,5,200
Group IX Gear Oils ,MTF-4 SAE 75W-80,"API GL-4
VW G 052 178 
PSA B71 2330",PM0578-20,20,48
Group IX Gear Oils ,MTF-4 SAE 75W-80,"API GL-4
VW G 052 178 
PSA B71 2330",PM0578-DR,208,4
Group IX Gear Oils ,MTF-4 SAE 75W-80,"API GL-4
VW G 052 178 
PSA B71 2330",PM0578-IBC,1000,1
Group X LMOA Oils,LMOA V,SAE 40,PM2452-DR,208,4
Group X LMOA Oils,LMOA V,SAE 40,PM2452-IBC,1000,1
Group X LMOA Oils,LMOA V,SAE 20W-40,PM2451-DR,208,4
Group X LMOA Oils,LMOA V,SAE 20W-40,PM2451-IBC,1000,1
